5E-CF-7F-14-1E-2A,5ECF7F141E2A,5C-CF-7F-14-1E-2A,5CCF7F141E2A
5E-CF-7F-14-1E-2A,5ECF7F141E2A,5C-CF-7F-14-1E-2A,5CCF7F141E2A
5E-CF-7F-14-1E-2A,5ECF7F141E2A,5C-CF-7F-14-1E-2A,5CCF7F141E2A
5E-CF-7F-14-1E-2A,5ECF7F141E2A,5C-CF-7F-14-1E-2A,5CCF7F141E2A
5E-CF-7F-14-1E-2A,5ECF7F141E2A,5C-CF-7F-14-1E-2A,5CCF7F141E2A
5E-CF-7F-14-1E-2A,5ECF7F141E2A,5C-CF-7F-14-1E-2A,5CCF7F141E2A
5E-CF-7F-14-1E-2A,5ECF7F141E2A,5C-CF-7F-14-1E-2A,5CCF7F141E2A
5E-CF-7F-14-1E-2A,5ECF7F141E2A,5C-CF-7F-14-1E-2A,5CCF7F141E2A
5E-CF-7F-14-1E-2A,5ECF7F141E2A,5C-CF-7F-14-1E-2A,5CCF7F141E2A
5E-CF-7F-14-1E-2A,5ECF7F141E2A,5C-CF-7F-14-1E-2A,5CCF7F141E2A
5E-CF-7F-14-1E-2A,5ECF7F141E2A,5C-CF-7F-14-1E-2A,5CCF7F141E2A
5E-CF-7F-14-1E-2A,5ECF7F141E2A,5C-CF-7F-14-1E-2A,5CCF7F141E2A
5E-CF-7F-14-1E-2A,5ECF7F141E2A,5C-CF-7F-14-1E-2A,5CCF7F141E2A
